{
  "accuracy": 0.7077922077922078,
  "f1": 0.5454545454545454,
  "roc_auc": 0.812962962962963,
  "target_column": "class",
  "train_size": 614,
  "test_size": 154,
  "feature_columns": [
    "preg",
    "plas",
    "pres",
    "skin",
    "insu",
    "mass",
    "pedi",
    "age"
  ]
}